{
  "controller/WiproGraphUI.controller.js.map": 1721043797405,
  "controller/WiproGraphUI.controller.js": 1721042129761,
  "model/models.js": 1721042129749,
  "controller/App.controller.js": 1721042129757,
  "manifest.json": 1721043797101,
  "Component.js": 1721042129745,
  "Component-dbg.js": 1721042129745,
  "Component.js.map": 1721043797413,
  "model/models-dbg.js": 1721042129749,
  "model/models.js.map": 1721043797413,
  "controller/App-dbg.controller.js": 1721042129757,
  "controller/App.controller.js.map": 1721043797405,
  "controller/WiproGraphUI-dbg.controller.js": 1721042129761,
  "i18n/i18n.properties": 1721043463187,
  "Component-preload.js": 1721043797714,
  "Component-preload.js.map": 1721043797714,
  "view/WiproGraphUI.view.xml": 1721043388345,
  "view/App.view.xml": 1721042129761,
  "css/style.css": 1721042129757,
  "index.html": 1721042129745
}